{
    "name": "Dii Airflow",
    "dockerComposeFile": "../docker-compose.dev.yml",
    "service": "airflow-webserver",
    "workspaceFolder": "/opt/airflow",
    "customizations": {
        "vscode": {
            "extensions": [
                "ms-python.python",
                "ms-python.vscode-pylance",
                "ms-python.black-formatter",
                "ms-python.debugpy",
                "redhat.vscode-yaml",
                "ms-azuretools.vscode-docker"
            ]
        }
    },
    "remoteUser": "airflow"
}